key,cites,id_scholar,cid
adam-smith2011,7,TQgYirikUcIC,7959856223518266074
agha2011,8,TFP_iSt0sucC,15936640823202819055
ahn2018,19,mNrWkgRL2YcC,8794916882115553925
ahn2019,4,BJbdYPG6LGMC,11336997810447433109
ahrens2019,40,bKqednn6t2AC,6933457760051105332
al-soneidar2022,8,PyEswDtIyv0C,17802808403117351709
al-soneidar2022a,3,HhcuHIWmDEUC,17183605199643511872
al-soneidar2024a,4,qE4H1tSSYIIC,13797277146427057145
alcantara2025,0,eI34FqJmdUoC,
alvarado2009,11,-f6ydRqryjwC,3300012737663775131
anato2023a,11,SAZ1SQo2q1kC,13595559652227694083
arsenault2017,95,uWiczbcajpAC,17964067854562741500
arsenault2017a,83,hMsQuOkrut0C,12043505978696005743
arsenault2017b,55,zLWjf1WUPmwC,9668898698481504329
arsenault2020,10,1lhNe0rCu4AC,15925106964221848209
auger2011,41,KlAtU1dfN6UC,4890372687883203752
auger2011b,29,QIV2ME_5wuYC,4190738686919313892
auger2012a,64,9ZlFYXVOiuMC,3186558711605288081
auger2012b,12,BqipwSGYUEgC,2293058951744663748
auger2012c,28,hC7cP41nSMkC,7836897766216007191
auger2013a,8,D03iK_w7-QYC,11429953805337334888
auger2014,91,J-pR_7NvFogC,4627857844313089531
austin2016a,5,kzcrU_BdoSEC,10826064826532277512
austin2016b,23,2KloaMYe4IUC,14115428015263949877
austin2018,43,umqufdRvDiIC,10162956889745749180
austin2019,19,gKiMpY-AVTkC,12614034044009451223
austin2019a,34,tH6gc1N1XXoC,7143688836996837468
banack2012,100,Z5m8FVwuT1cC,"18356744264798416460,11516396291519379576"
banack2018,27,4hFrxpcac9AC,6052647557027844980
bannon2025,7,37UQlXuwjP4C,15229183233488134859
baumgartner2025,2,4Yq6kJLCcecC,16822935465368536171
burgos-ochoa2024a,5,hvmnpdAuIbkC,2244435364392837504
capurro2022,12,-jrNzM816MMC,17581800717661718766
carabali2021,48,v1_lew4L6wgC,12706395601771752283
carabali2022,8,-7ulzOJl1JYC,7328176740267463657
carter2017,17,9Nmd_mFXekcC,4753955411954265175
charters2016,17,tzM49s52ZIMC,1542105798893514963
chen2025,10,LGlY6t8CeOMC,6483390018518693303
cho2007,28,0EnyYjriUFMC,15581943405960919097
clark2022b,114,Dem6FJhTUoYC,11309425363995433637
elani2012,156,m4fbC6XIj1kC,3507594286019472891
elani2017,115,p__nRnzSRKYC,6048756296838959232
farhat2026,0,hNSvKAmkeYkC,
frenz2014,141,738O_yMBCRsC,17783282704885824668
goldstein2020,13,QD3KBmkZPeQC,13331234356744643249
graham2021,13,Br1UauaknNIC,17583069858188597551
gravesteijn2024a,2,JP7YXuLIOvAC,13341585112304948139
gray2016,53,uc_IGeMz5qoC,2958451230887583417
hajizadeh2015,92,1yQoGdGgb4wC,7982779823860517810
hajna2015,92,_Ybze24A_UAC,14368358184707826205
hajna2016,45,NJ774b8OgUMC,11159036568511217737
hall2009,909,Y0pCki6q_DkC,4934880253898804809
hamadani2019,17,lvd772isFD0C,12752876995318528756
hamra2019,14,Bg7qf7VwUHIC,17160259074148066225
Harper:2012ee,298,isC4tDSrTZIC,16360284090138940705
Harper:2019rp,40,ZzlSgRqYykMC,17028838650402825309
harper2002,247,u-x6o8ySG0sC,15492392139454087193
harper2006,16,3fE2CSJIrl8C,13555460330101288240
harper2007a,350,d1gkVwhDpl0C,17989599723687987435
harper2007b,33,8k81kl-MbHgC,6925278238960633452
harper2007d,267,qjMakFHDy7sC,11745635549141882946
harper2007e,4,M3ejUd6NZC8C,6454646879808294666
harper2007f,4,4DMP91E08xMC,15362916992659287634
harper2008,254,UeHWp8X0CEIC,3426564870752000738
harper2008a,9,_kc_bZDykSQC,1331860760518668120
harper2008b,,,
harper2009a,287,W7OEmFMy1HYC,11774061317373456043
harper2009b,0,_Qo2XoVZTnwC,
harper2010,401,LkGwnXOMwfcC,339549748494205326
harper2010a,1,NaGl4SEjCO4C,1365763635161804753
harper2011,219,Zph67rFs4hoC,9918105167447329352
harper2012,85,SeFeTyx0c_EC,175154025726990401
harper2012c,103,J_g5lzvAfSwC,15191478229715797433
harper2012d,2,a3BOlSfXSfwC,8578148617475983806
harper2013,1,cFHS6HbyZ2cC,7213137308322606333
harper2013a,52,pyW8ca7W8N0C,112083956983837015
harper2013b,70,l7t_Zn2s7bgC,6502539551144643995
harper2014,112,tkaPQYYpVKoC,1979008215527816163
harper2014a,401,LkGwnXOMwfcC,339549748494205326
harper2014b,59,geHnlv5EZngC,7223212191967699408
harper2015a,66,ZuybSZzF8UAC,18145374635785351162
harper2015b,104,dQ2og3OwTAUC,15253275447482584760
harper2017a,18,TIZ-Mc8IlK0C,17174736928939935465
harper2017b,56,MLfJN-KU85MC,8671436871639196961
harper2017c,24,L7CI7m0gUJcC,462798188744967645
harper2019b,9,yMeIxYmEMEAC,1305809945697895948
harper2019c,0,OcBU2YAGkTUC,
harper2019ph,11,5MTHONV0fEkC,7384331452935231238
harper2021,197,7Hz3ACDFbsoC,10692917917329857821
harper2023,6,D_tqNUsBuKoC,16036763413235651259
hawkins2020,100,fFSKOagxvKUC,7959532220431881909
hawkins2023a,4,FiDNX6EVdGUC,10969667510435953728
hetherington2023,2,C33y2ycGS3YC,17075263882160855902
hetherington2024a,4,c1e4I3QdEKYC,11200256645821354124
hillemeier2003,55,_FxGoFyzp5QC,10293309454159275887
hillemezer2003,154,IjCSPb-OGe4C,17860321404086278413
hosseinpoor2012,295,GnPB-g6toBAC,6151042860463199939
hosseinpoor2012a,35,sfnaS5RM6jYC,11732432503848465997
hosseinpoor2012b,344,nZcligLrVowC,14514818329195896745
hutcheon2015,17,eMMeJKvmdy0C,8852021307463334799
hutcheon2015a,29,LjlpjdlvIbIC,9453126074916580187
hutcheon2016,0,_Re3VWB3Y0AC,
hutcheon2017,23,ipzZ9siozwsC,13105250724760231206
hutcheon2017a,4,ILKRHgRFtOwC,15765068989573609612
hutcheon2019,76,ODE9OILHJdcC,2888724756683888398
hutcheon2019a,16,4vMrXwiscB8C,8513447682602321376
hutcheon2020,27,cK4Rrx0J3m0C,16032043117623027955
hutcheon2021,5,LdasjJ6CEcoC,1090094241537002092
hutcheon2021a,0,rHJHxKgnXwkC,
hutcheon2022,13,jE2MZjpN3IcC,5118957682711606269
hutcheon2025,1,c_xDhezhKKUC,17901068476520496996
huynh2005,112,4e5Qn2KL_jwC,14796855667889369325
jackson2006,55,WF5omc3nYNoC,3046500510126401338
Jahagirdar:2017aa,13,foquWX3nUaYC,12387757622351743785
jahagirdar2021,4,43bX7VzcjpAC,1686674571978345289
jamieson2016,66,z_wVstp3MssC,7902106174215128253
johri2020,57,BzfGm06jWhQC,14817834649761362559
kaufman2011,5,iH-uZ7U-co4C,12277559668891287035
kaufman2012,3,HoB7MX3m0LUC,10386257813651041224
kaufman2013,15,tS2w5q8j5-wC,7964012194528013798
kaufman2019a,14,F1b5ZUV5XREC,17915419803336974445
kelleher2004,45,hqOjcs7Dif8C,9691969717078196921
kelleher2006,35,UebtZRa9Y70C,3182614407189817121
king2010,12,maZDTaKrznsC,18173501551352654405
king2010a,17,Fu2w8maKXqMC,6810183776728485395
king2012,314,lSLTfruPkqcC,8967872882395961111
king2013,31,ZHo1McVdvXMC,3108173242493432227
king2014,386,t6usbXjVLHcC,739060920649656580
king2016,10,nrtMV_XWKgEC,2494160944890717088
konings2010,82,5nxA0vEk-isC,3386511181486230087
kopec2010,174,RGFaLdJalmkC,4826843315568863095
kopec2016,14,DUooU5lO8OsC,11786145976233641574
lall2026,0,JWITY9-sCbMC,
larose2011,16,R3hNpaxXUhUC,8223737089333083183
lee2024a,20,mel-f30kHHgC,16804822013801059279
li2022d,21,O0nohqN1r9EC,2584846006093028995
li2022e,27,QyXJ3EUuO1IC,7156090223061547862
li2025,1,QVtou7C4vgoC,8551202364921033857
lynch2003,59,YsMSGLbcyi4C,17907969703137957586
lynch2004,1343,u5HHmVD_uO8C,8747457526073274778
lynch2004a,221,9yKSN-GCB0IC,15519274737672066354
lynch2004b,17,qxL8FJ1GzNcC,12725741472448363825
lynch2005,62,oNZyr7d5Mn4C,6928035416779128171
lynch2006,233,2osOgNQ5qMEC,8999474130547087015
ma2025a,5,_AeoHAGD03cC,14992810247972507310
mah2018,6,QYdC8u9Cj1oC,5348704119574332647
maika2013,40,B3FOqHPlNUQC,9057530734092650720
majid2016,14,ZfRJV9d4-WMC,4023974720882532215
Manivong:2017if,9,lmc2jWPfTJgC,9699472778257374764
manuel2014,10,AXPGKjj_ei8C,10075378058932592138
McKinnon:2015aa,208,1qzjygNMrQYC,17972168764308295475
McKinnon:2015ab,74,ye4kPcJQO24C,10422230016091964039
mckinnon2011,72,Wp0gIr-vW9MC,805368671395723277
mckinnon2013,52,WbkHhVStYXYC,12217307076373894649
mckinnon2014,56,q3oQSFYPqjQC,3839575618094271883
mckinnon2014b,172,BrmTIyaxlBUC,16524972055083529037
mckinnon2016a,43,JQOojiI6XY0C,16538350560483005211
mclinden2017,12,S16KYo8Pm5AC,3883643089751827261
mclinden2018,17,WJVC3Jt7v1AC,9320405025541880289
mclinden2018a,12,XvxMoLDsR5gC,10162516168524515548
mctavish2010,150,kNdYIx-mwKoC,3505196734059026425
mejia2018,140,OR75R8vi5nAC,4182489179556731134
moore2010,79,4TOpqqG69KYC,2957866276490160856
nandi2013,69,K3LRdlH-MEoC,4306852468659915032
nandi2016,151,7T2F9Uy0os0C,8663721526870177343
nandi2016a,20,35r97b3x0nAC,18193526043500173929
nandi2018,253,cWzG1nlazyYC,17114832886063360368
nandi2020,33,zCSUwVk65WsC,1130084709409225573
nandi2022,14,-95Q15plzcUC,2697902618474986300
nandi2024,1,s9ia6_kGH2AC,8361237614271858418
nunes2020,11,CaZNVDsoPx4C,3985070800442011223
platt2013,27,pqnbT2bcN3wC,12851419932489684799
richardson2015,18,PR6Y55bgFSsC,14119563281895439467
richardson2018,23,HtS1dXgVpQUC,4546084461621996896
richardson2019,43,3htObqc8RwsC,3077754572498644230
richardson2019a,31,gVv57TyPmFsC,1136878416788072084
richardson2020,52,5icHVeHT4IsC,13334909512615071330
richardson2020a,30,ubry08Y2EpUC,11153459524427853490
richardson2025,4,lYAcb2jw7qUC,2524842347330664686
riddell2017,86,e_rmSamDkqQC,7419655237672362074
riddell2018,38,IRz6iEL74y4C,7057958573353601312
riddell2018b,120,_5tno0g5mFcC,16516913345623660446
sadana2011,35,ldfaerwXgEUC,14611457678262137306
smith2014,44,fQNAKQ3IYiAC,10103274786289309261
socha2023,6,uVUOdF_882EC,14736830622271364295
socha2024a,0,unp9ATQDT5gC,
socha2024b,4,T_ojBgVMvoEC,11408289621479532546
socha2026,0,ijdKiLOsEJMC,
socha2026a,0,naSTrk-c4S8C,
speybroeck2010,59,aqlVkmm33-oC,12739666354349803060
speybroeck2012,25,RYcK_YlVTxYC,15658160870682218617
speybroeck2012a,,,
sreeramareddy2018,91,EkHepimYqZsC,7437302811914407291
sreeramareddy2019,7,LgRImbQfgY4C,970644293370260104
sternbach2022a,15,kWvqk_afx_IC,16378658131296010979
strumpf2017,138,4MWp96NkSFoC,3100657751077573868
strumpf2017a,90,i2xiXl-TujoC,6630768983318487775
toporowski2012,14,mVmsd5A6BfQC,982356061346955257
tyner2026,58,iyewoVqAXLQC,8705590943539875525
windle2022,63,KNjnJ3z-R6IC,5890968779785642985
windle2026,0,pYKElYtJMmwC,
windle2026a,3,jmjb1lOE9QIC,9567321093892052141
xue2026,1,R-LXmdHK_14C,14999353341552440578
yang2010,155,MXK_kJrjxJIC,17283620681287549232
young2013,92,a0OBvERweLwC,688410057721000040
yuan2025,1,c59VksA5Vz4C,13721785531535628520
